province,city,m160025,m1675,m1750,f160025,f1675,f1750,seafarers_16001750,pop_year_1600,pop_value_1600,pop_year_1675,pop_value_1675,pop_year_1750,pop_value_1750,treatment_intensity,latitude,longitude
GELDERLAND,Groenlo,73.33333333333333,90,91.8918918918919,18.567251461988302,50.98039215686274,42.1875,101,1541,1148,1670,1400,NA,NA,0.08797909407665505,52.04167,6.61111
GELDERLAND,Borculo,84.21052631578947,90.32258064516128,81.08108108108108,34.05797101449275,53.125,71.05263157894737,85,1560,600,1670,700,NA,NA,0.14166666666666666,52.11583,6.52222
GELDERLAND,Nijkerk,53.84615384615384,87.5,77.21518987341773,37.5,59.523809523809526,62.06896551724138,165,1560,1200,1650,1400,1749,2400,0.1375,52.22,5.48611
GELDERLAND,Tiel,67.5438596491228,78.66666666666666,85.18518518518519,57.5,61.53846153846154,53.73134328358209,357,1560,2500,1650,2300,1741,3000,0.1428,51.88667,5.42917
GELDERLAND,Harderwijk,70.53846153846153,68.11594202898551,88.13559322033898,31.00667408231368,56.98924731182796,70.37037037037037,246,1560,2500,1650,3000,1749,2350,0.0984,52.34167,5.62083
GELDERLAND,Doesburg,70.05108556832694,76.59574468085107,90.1639344262295,43.89204545454545,54.45544554455446,67.08860759493672,279,1559,2093,1653,3266,1741,3000,0.1333014811275681,52.0125,6.13889
GELDERLAND,Arnhem,75.71428571428572,81.3953488372093,89.70588235294117,38.27913279132791,55.94405594405595,65.80645161290323,705,1600,7000,1670,6500,1749,5600,0.10071428571428571,51.98,5.91111
GELDERLAND,Nijmegen,73.37307501241928,74.17218543046357,80.92485549132948,51.111111111111114,44.230769230769226,60.43956043956044,1240,1560,10000,1670,9000,1741,12000,0.124,51.8425,5.85278
GELDERLAND,Zutphen,80.30303030303031,84.04907975460122,94.64285714285714,45.133381398702234,64.20454545454545,71.14754098360656,627,1560,6000,1672,5000,1741,5040,0.1045,52.13833,6.20139
NOORDHOLLAND,Alkmaar,64.60501786546527,85.9375,95.91836734693877,49.74405156886909,44.06779661016949,75,880,1560,8000,1660,13650,1732,12500,0.11,52.63167,4.74861
NOORDHOLLAND,Haarlem,65.15528383467385,68.05111821086261,77.25490196078432,40.09813384813384,53.21888412017167,56.776556776556774,3677,1560,16000,1665,38000,1748,24695,0.2298125,52.38084,4.63683
NOORDHOLLAND,Hoorn,57.64993880048959,80.72289156626506,78,27.211235955056182,52.5,47.540983606557376,3203,1550,8000,1670,16000,1732,11060,0.400375,52.6425,5.05972
NOORDHOLLAND,Weesp,68.95161290322581,71.42857142857143,88.42105263157895,35.769230769230774,56.98924731182796,64.3312101910828,273,1564,1700,1672,3300,1732,2400,0.16058823529411764,52.3075,5.04167
NOORDHOLLAND,Enkhuizen,59.358142710822804,77.92207792207793,92,18.205128205128204,28.57142857142857,67.5,3214,1561,7750,1632,19150,1732,9380,0.4147096774193548,52.70333,5.29167
NOORDHOLLAND,Naarden,70.07389162561577,50.617283950617285,79.59183673469387,33.8082315694256,40.42553191489361,59.25925925925925,204,1564,1700,1670,2800,1732,2800,0.12,52.29583,5.1625
NOORDHOLLAND,Texel,62.61343012704174,80.76923076923077,100,25.607416879795398,38.20224719101123,83.33333333333334,174,NA,NA,NA,NA,NA,NA,NA,53.08333,4.83333
OVERIJSSEL,Almelo,67.89772727272727,63.1578947368421,85.9375,15.151515151515149,40.78947368421053,50.943396226415096,102,1560,800,1675,1170,1748,2229,0.1275,52.35667,6.6625
OVERIJSSEL,Deventer,78.78754047113989,90.82125603864735,89.81481481481481,46.34703196347032,66.07142857142857,72.1311475409836,877,1599,6780,1675,6700,1748,7818,0.1293510324483776,52.255,6.16389
OVERIJSSEL,Kampen,68.40360791132362,71.75141242937853,87.6923076923077,38.66550116550116,47.257383966244724,63.63636363636363,612,1599,6600,1675,5974,1748,5652,0.09272727272727273,52.555,5.91111
OVERIJSSEL,Oldenzaal,61.57407407407407,69.23076923076923,74,25.523399014778324,47.41379310344828,54.21686746987952,111,1560,1500,1670,1600,1748,1960,0.074,52.31333,6.92917
OVERIJSSEL,Ootmarsum,79.88505747126436,77.41935483870968,93.87755102040816,35.66066066066067,46.26865671641791,63.52941176470588,96,1560,600,1670,600,1748,1200,0.16,52.40833,6.90139
OVERIJSSEL,Zwolle,69.43152454780362,76.77725118483413,88.54625550660793,32.55425448868072,55.907780979827095,60.86956521739131,1237,1599,6500,1675,6963,1748,11931,0.19030769230769232,52.5125,6.09444
GRONINGEN,Groningen,62.794091154746894,76.42857142857142,85.06224066390041,24.79010163499779,34.78260869565217,50.47923322683706,18,1600,16600,1670,20600,1770,23296,0.0010843373493975904,53.21917,6.56667
FRIESLAND,Dokkum,44.35746901500326,60,83.33333333333334,9.735576923076923,44.44444444444444,30.76923076923077,429,1560,2000,1689,3177,1744,2855,0.2145,53.32224,5.99697
FRIESLAND,Franeker,55.71428571428571,76.92307692307693,90.32258064516128,28.294117647058822,42.857142857142854,60,302,1560,2200,1689,3623,1744,3493,0.13727272727272727,53.18546,5.54123
FRIESLAND,Harlingen,50.8661092572457,67.53246753246754,83.01886792452831,20.385357885357884,35.41666666666667,45.09803921568628,1204,1560,2600,1689,8823,1744,7141,0.46307692307692305,53.17477,5.42244
FRIESLAND,Leeuwarden,59.75355450236967,76.41509433962264,84.45945945945947,17.63741269359247,35.8974358974359,54.166666666666664,2001,1565,6600,1666,16500,1744,13490,0.30318181818181816,53.20139,5.80859
FRIESLAND,Terschelling,51.10795454545455,79.48717948717949,71.42857142857143,14.716981132075471,20.689655172413794,59.09090909090909,184,1632,467,NA,NA,NA,NA,0.39400428265524623,53.35911,5.21482
FRIESLAND,Vlieland,47.67857142857143,76.66666666666667,100,19.047619047619044,36.93693693693694,47.368421052631575,231,NA,NA,NA,NA,NA,NA,NA,53.27443,4.9796
ZUIDHOLLAND,Delft,64.5,75,92,35,47,68,6896,1600,17500,1680,24000,1749,13910,0.3940571428571429,52.00667,4.35556
ZUIDHOLLAND,Dordrecht,72.5,74,87,41.5,46,63,3459,1560,15500,1665,20000,1732,18000,0.22316129032258064,51.81,4.67361
ZUIDHOLLAND,s-Gravenhage,78.5,82,88,55.5,56,62,4972,1600,10000,1677,24000,1732,33500,0.4972,52.07667,4.29861
ZUIDHOLLAND,Leiden,64.5,68,73,30.5,44,53,4874,1581,12144,1665,67000,1750,38105,0.4013504611330698,52.15833,4.49306
ZUIDHOLLAND,Rotterdam,67,77,84,36.5,51,68,11161,1561,7800,1665,40000,1732,56000,1.4308974358974358,51.9225,4.47917
Niedersachsen,Jever,36.067384700359014,55.660377358490564,96.96969696969697,10.792210247683872,19.148936170212767,66.66666666666666,240,NA,NA,NA,NA,NA,NA,NA,53.57368,7.89806
Niedersachsen,Lingen,65.95970307529163,71.81818181818181,87.12871287128714,13.692307692307693,42.76729559748428,63.70967741935484,304,NA,NA,NA,NA,NA,NA,NA,52.52143,7.31845
Niedersachsen,Norden,46.30263157894737,69.0909090909091,88.23529411764706,16.357598757978266,42.857142857142854,56.17977528089888,409,NA,NA,NA,NA,NA,NA,NA,53.59552,7.20639
Niedersachsen,Oldenburg,39.864399597436304,58.43373493975904,87.17948717948718,5.740583102787827,11.76470588235294,51.28205128205128,820,NA,NA,NA,NA,NA,NA,NA,53.14118,8.21467
Niedersachsen,Osnabruck,48.01282051282051,67.02127659574468,80.82191780821918,15.594936708860761,26.31578947368421,26.881720430107524,0,NA,NA,NA,NA,NA,NA,NA,52.27264,8.0498
Niedersachsen,Bentheim,69.44444444444444,80,100,20.192307692307693,52.77777777777778,77.41935483870968,4,NA,NA,NA,NA,NA,NA,NA,52.30066,7.15763
Scleswig-Holstein,Holstein,46.42857142857143,67.3913043478261,82.14285714285714,5.555555555555555,19.047619047619047,36.36363636363637,944,NA,NA,NA,NA,NA,NA,NA,54.1667,9.66667
Scleswig-Holstein,Dithmarschen,35.5,72.61904761904762,83.33333333333334,11.38888888888889,8.823529411764707,25,517,NA,NA,NA,NA,NA,NA,NA,54.11671,9.02549
Scleswig-Holstein,Flensburg,48.41379310344828,72.97297297297297,82.22222222222221,0,6.0606060606060606,33.33333333333333,710,NA,NA,NA,NA,NA,NA,NA,54.78431,9.43961
Scleswig-Holstein,Fohr,53.86904761904761,75,82.35294117647058,2.7777777777777777,50,25,0,NA,NA,NA,NA,NA,NA,NA,54.71734,8.49421
Scleswig-Holstein,Husum,43.7700242244276,80.35714285714286,86.95652173913044,6.211843711843711,10.256410256410255,35.714285714285715,745,NA,NA,NA,NA,NA,NA,NA,54.4858,9.05239
Scleswig-Holstein,Lubeck,44.97356051703878,68.21705426356588,84.44444444444444,14.880952380952383,28.57142857142857,18.181818181818183,0,NA,NA,NA,NA,NA,NA,NA,53.86893,10.68729
Scleswig-Holstein,Tonning,37.577639751552795,61.53846153846154,100,5.880952380952381,18.181818181818183,66.66666666666666,0,NA,NA,NA,NA,NA,NA,NA,54.31879,8.94234
Niedersachsen,Wittmund,44.8850426246448,80.95238095238095,93.33333333333333,18.141821946169774,55.00000000000001,44.11764705882353,72,NA,NA,NA,NA,NA,NA,NA,53.57674,7.77839
Niedersachsen,Aurich,48.7037037037037,85,86.15384615384616,19.602272727272727,36.84210526315789,54.09836065573771,189,NA,NA,NA,NA,NA,NA,NA,53.46919,7.48232
Niedersachsen,Emden,54.92865513200524,73.40425531914893,79.3103448275862,18.844361518978214,28.8135593220339,35.46099290780142,1094,NA,NA,NA,NA,NA,NA,NA,53.36745,7.20778
Niedersachsen,Esens,52.85087719298245,4.761904761904762,83.33333333333334,11.479500891265596,46.15384615384615,66.66666666666666,111,NA,NA,NA,NA,NA,NA,NA,53.64866,7.61267
Niedersachsen,Leer,73.77034358047015,74.35897435897436,96.55172413793103,17.857142857142854,30,52.38095238095239,50,NA,NA,NA,NA,NA,NA,NA,53.23157,7.461
Bremen,Bremen,49.32432432432432,65.21739130434783,78.53658536585367,11.78390596745027,17.79935275080906,42.04545454545455,3106,NA,NA,NA,NA,NA,NA,NA,53.07516,8.80777
SWEDEN,SWEDEN,28.017241379310345,61.53846153846154,86.20689655172413,0,10,14.285714285714285,0,NA,NA,NA,NA,NA,NA,NA,62,15
